{"cameraMode":{"drawMode":0,"name":"Shaded","section":"Shading Mode"},"sceneLighting":true,"audioPlay":false,"sceneViewState":{"m_AlwaysRefresh":false,"showFog":true,"showSkybox":true,"showFlares":true,"showImageEffects":true,"showParticleSystems":true,"showVisualEffectGraphs":true,"m_FxEnabled":true},"in2DMode":false,"pivot":{"x":1.6159993410110474,"y":3.9843554496765138,"z":-3.458965301513672},"rotation":{"x":0.2346043884754181,"y":-0.27959731221199038,"z":0.07059600949287415,"w":0.9284029006958008},"size":5.209978103637695,"orthographic":true}