{"cameraMode":{"drawMode":0,"name":"Shaded","section":"Shading Mode"},"sceneLighting":true,"audioPlay":false,"sceneViewState":{"m_AlwaysRefresh":false,"showFog":true,"showSkybox":true,"showFlares":true,"showImageEffects":true,"showParticleSystems":true,"showVisualEffectGraphs":true,"m_FxEnabled":true},"in2DMode":false,"pivot":{"x":-0.2655319571495056,"y":2.9340872764587404,"z":2.013625144958496},"rotation":{"x":0.28545910120010378,"y":-0.27795931696891787,"z":0.08688721060752869,"w":0.9130924344062805},"size":5.968250274658203,"orthographic":true}