{"cameraMode":{"drawMode":0,"name":"Shaded","section":"Shading Mode"},"sceneLighting":false,"audioPlay":false,"sceneViewState":{"m_AlwaysRefresh":false,"showFog":true,"showSkybox":false,"showFlares":true,"showImageEffects":true,"showParticleSystems":true,"showVisualEffectGraphs":true,"m_FxEnabled":true},"in2DMode":false,"pivot":{"x":0.00000441819429397583,"y":-0.06920820474624634,"z":-0.21607106924057008},"rotation":{"x":0.22884885966777802,"y":0.37235260009765627,"z":-0.09527616202831269,"w":0.8943808674812317},"size":0.3153403103351593,"orthographic":false}