{"cameraMode":{"drawMode":0,"name":"Shaded","section":"Shading Mode"},"sceneLighting":false,"audioPlay":false,"sceneViewState":{"m_AlwaysRefresh":false,"showFog":true,"showSkybox":false,"showFlares":true,"showImageEffects":true,"showParticleSystems":true,"showVisualEffectGraphs":true,"m_FxEnabled":true},"in2DMode":false,"pivot":{"x":-0.0026383623480796816,"y":0.22778162360191346,"z":0.0008854269981384277},"rotation":{"x":0.3132672607898712,"y":-0.06974484771490097,"z":0.02301902323961258,"w":0.9468900561332703},"size":0.25468382239341738,"orthographic":true}